Path,Sample,ReferenceGenome,Outgroup
/raven/ptmp/iclight/snakemake/pestis_production_run_minoraf_update_30_04_2024/mapping,0.ANT1a_42013,Ypestis_ASM906v1,0
/raven/ptmp/iclight/snakemake/pestis_production_run_minoraf_update_30_04_2024/mapping,0.ANT1b_CMCC49003,Ypestis_ASM906v1,0
/raven/ptmp/iclight/snakemake/pestis_production_run_minoraf_update_30_04_2024/mapping,0.ANT1c_945,Ypestis_ASM906v1,0
/raven/ptmp/iclight/snakemake/pestis_production_run_minoraf_update_30_04_2024/mapping,0.ANT1d_164,Ypestis_ASM906v1,0
/raven/ptmp/iclight/snakemake/pestis_production_run_minoraf_update_30_04_2024/mapping,0.ANT1e_CMCC8211,Ypestis_ASM906v1,0
/raven/ptmp/iclight/snakemake/pestis_production_run_minoraf_update_30_04_2024/mapping,0.ANT1f_42095,Ypestis_ASM906v1,0
/raven/ptmp/iclight/snakemake/pestis_production_run_minoraf_update_30_04_2024/mapping,0.ANT1g_CMCC42007,Ypestis_ASM906v1,0
/raven/ptmp/iclight/snakemake/pestis_production_run_minoraf_update_30_04_2024/mapping,0.ANT1h_CMCC43032,Ypestis_ASM906v1,0
/raven/ptmp/iclight/snakemake/pestis_production_run_minoraf_update_30_04_2024/mapping,0.ANT2a_2330,Ypestis_ASM906v1,0
/raven/ptmp/iclight/snakemake/pestis_production_run_minoraf_update_30_04_2024/mapping,0.ANT3a_CMCC38001,Ypestis_ASM906v1,0
/raven/ptmp/iclight/snakemake/pestis_production_run_minoraf_update_30_04_2024/mapping,0.ANT3b_A1956001,Ypestis_ASM906v1,0
/raven/ptmp/iclight/snakemake/pestis_production_run_minoraf_update_30_04_2024/mapping,0.ANT3c_42082,Ypestis_ASM906v1,0
/raven/ptmp/iclight/snakemake/pestis_production_run_minoraf_update_30_04_2024/mapping,0.ANT3d_CMCC21106,Ypestis_ASM906v1,0
/raven/ptmp/iclight/snakemake/pestis_production_run_minoraf_update_30_04_2024/mapping,0.ANT3e_42091b,Ypestis_ASM906v1,0
/raven/ptmp/iclight/snakemake/pestis_production_run_minoraf_update_30_04_2024/mapping,0.PE2b_G8786,Ypestis_ASM906v1,0
/raven/ptmp/iclight/snakemake/pestis_production_run_minoraf_update_30_04_2024/mapping,0.PE2_C.197,Ypestis_ASM906v1,0
/raven/ptmp/iclight/snakemake/pestis_production_run_minoraf_update_30_04_2024/mapping,0.PE2_C.235,Ypestis_ASM906v1,0
/raven/ptmp/iclight/snakemake/pestis_production_run_minoraf_update_30_04_2024/mapping,0.PE2_C.267,Ypestis_ASM906v1,0
/raven/ptmp/iclight/snakemake/pestis_production_run_minoraf_update_30_04_2024/mapping,0.PE2_C.290,Ypestis_ASM906v1,0
/raven/ptmp/iclight/snakemake/pestis_production_run_minoraf_update_30_04_2024/mapping,0.PE2_C.291,Ypestis_ASM906v1,0
/raven/ptmp/iclight/snakemake/pestis_production_run_minoraf_update_30_04_2024/mapping,0.PE2_C.346,Ypestis_ASM906v1,0
/raven/ptmp/iclight/snakemake/pestis_production_run_minoraf_update_30_04_2024/mapping,0.PE2_C.359,Ypestis_ASM906v1,0
/raven/ptmp/iclight/snakemake/pestis_production_run_minoraf_update_30_04_2024/mapping,0.PE2_C.537,Ypestis_ASM906v1,0
/raven/ptmp/iclight/snakemake/pestis_production_run_minoraf_update_30_04_2024/mapping,0.PE2_C.590,Ypestis_ASM906v1,0
/raven/ptmp/iclight/snakemake/pestis_production_run_minoraf_update_30_04_2024/mapping,0.PE2_C.666,Ypestis_ASM906v1,0
/raven/ptmp/iclight/snakemake/pestis_production_run_minoraf_update_30_04_2024/mapping,0.PE4_5307.Gis,Ypestis_ASM906v1,0
/raven/ptmp/iclight/snakemake/pestis_production_run_minoraf_update_30_04_2024/mapping,0.PE4_A.1804,Ypestis_ASM906v1,0
/raven/ptmp/iclight/snakemake/pestis_production_run_minoraf_update_30_04_2024/mapping,0.PE4_A.1807,Ypestis_ASM906v1,0
/raven/ptmp/iclight/snakemake/pestis_production_run_minoraf_update_30_04_2024/mapping,0.PE4_A.513,Ypestis_ASM906v1,0
/raven/ptmp/iclight/snakemake/pestis_production_run_minoraf_update_30_04_2024/mapping,0.PE4Aa_12,Ypestis_ASM906v1,0
/raven/ptmp/iclight/snakemake/pestis_production_run_minoraf_update_30_04_2024/mapping,0.PE4Ab_9,Ypestis_ASM906v1,0
/raven/ptmp/iclight/snakemake/pestis_production_run_minoraf_update_30_04_2024/mapping,0.PE4Ca_CMCCN010025,Ypestis_ASM906v1,0
/raven/ptmp/iclight/snakemake/pestis_production_run_minoraf_update_30_04_2024/mapping,0.PE4Cc_CMCC18019,Ypestis_ASM906v1,0
/raven/ptmp/iclight/snakemake/pestis_production_run_minoraf_update_30_04_2024/mapping,0.PE4Cd_CMCC93014,Ypestis_ASM906v1,0
/raven/ptmp/iclight/snakemake/pestis_production_run_minoraf_update_30_04_2024/mapping,0.PE4Ce_CMCC91090,Ypestis_ASM906v1,0
/raven/ptmp/iclight/snakemake/pestis_production_run_minoraf_update_30_04_2024/mapping,0.PE4_I.3134,Ypestis_ASM906v1,0
/raven/ptmp/iclight/snakemake/pestis_production_run_minoraf_update_30_04_2024/mapping,0.PE4_I.3455,Ypestis_ASM906v1,0
/raven/ptmp/iclight/snakemake/pestis_production_run_minoraf_update_30_04_2024/mapping,0.PE4_M0000002,Ypestis_ASM906v1,0
/raven/ptmp/iclight/snakemake/pestis_production_run_minoraf_update_30_04_2024/mapping,0.PE5_I.2239,Ypestis_ASM906v1,0
/raven/ptmp/iclight/snakemake/pestis_production_run_minoraf_update_30_04_2024/mapping,0.PE5_I.2422a,Ypestis_ASM906v1,0
/raven/ptmp/iclight/snakemake/pestis_production_run_minoraf_update_30_04_2024/mapping,0.PE5_I.3189,Ypestis_ASM906v1,0
/raven/ptmp/iclight/snakemake/pestis_production_run_minoraf_update_30_04_2024/mapping,0.PE7b_620024,Ypestis_ASM906v1,0
/raven/ptmp/iclight/snakemake/pestis_production_run_minoraf_update_30_04_2024/mapping,1343UnTal85,Ypestis_ASM906v1,0
/raven/ptmp/iclight/snakemake/pestis_production_run_minoraf_update_30_04_2024/mapping,1.IN1a_CMCC11001,Ypestis_ASM906v1,0
/raven/ptmp/iclight/snakemake/pestis_production_run_minoraf_update_30_04_2024/mapping,1.IN1b_780441,Ypestis_ASM906v1,0
/raven/ptmp/iclight/snakemake/pestis_production_run_minoraf_update_30_04_2024/mapping,1.IN1c_K21985002,Ypestis_ASM906v1,0
/raven/ptmp/iclight/snakemake/pestis_production_run_minoraf_update_30_04_2024/mapping,1.IN2a_CMCC640047,Ypestis_ASM906v1,0
/raven/ptmp/iclight/snakemake/pestis_production_run_minoraf_update_30_04_2024/mapping,1.IN2b_30017,Ypestis_ASM906v1,0
/raven/ptmp/iclight/snakemake/pestis_production_run_minoraf_update_30_04_2024/mapping,1.IN2c_CMCC31004,Ypestis_ASM906v1,0
/raven/ptmp/iclight/snakemake/pestis_production_run_minoraf_update_30_04_2024/mapping,1.IN2d_C1975003,Ypestis_ASM906v1,0
/raven/ptmp/iclight/snakemake/pestis_production_run_minoraf_update_30_04_2024/mapping,1.IN2e_C1989001,Ypestis_ASM906v1,0
/raven/ptmp/iclight/snakemake/pestis_production_run_minoraf_update_30_04_2024/mapping,1.IN2f_710317,Ypestis_ASM906v1,0
/raven/ptmp/iclight/snakemake/pestis_production_run_minoraf_update_30_04_2024/mapping,1.IN2g_CMCC05013,Ypestis_ASM906v1,0
/raven/ptmp/iclight/snakemake/pestis_production_run_minoraf_update_30_04_2024/mapping,1.IN2h_5,Ypestis_ASM906v1,0
/raven/ptmp/iclight/snakemake/pestis_production_run_minoraf_update_30_04_2024/mapping,1.IN2i_CMCC10012,Ypestis_ASM906v1,0
/raven/ptmp/iclight/snakemake/pestis_production_run_minoraf_update_30_04_2024/mapping,1.IN2j_CMCC27002,Ypestis_ASM906v1,0
/raven/ptmp/iclight/snakemake/pestis_production_run_minoraf_update_30_04_2024/mapping,1.IN2k_970754,Ypestis_ASM906v1,0
/raven/ptmp/iclight/snakemake/pestis_production_run_minoraf_update_30_04_2024/mapping,1.IN2l_D1991004,Ypestis_ASM906v1,0
/raven/ptmp/iclight/snakemake/pestis_production_run_minoraf_update_30_04_2024/mapping,1.IN2m_D1964002b,Ypestis_ASM906v1,0
/raven/ptmp/iclight/snakemake/pestis_production_run_minoraf_update_30_04_2024/mapping,1.IN2n_CMCC02041,Ypestis_ASM906v1,0
/raven/ptmp/iclight/snakemake/pestis_production_run_minoraf_update_30_04_2024/mapping,1.IN2o_CMCC03001,Ypestis_ASM906v1,0
/raven/ptmp/iclight/snakemake/pestis_production_run_minoraf_update_30_04_2024/mapping,1.IN2p_D1982001,Ypestis_ASM906v1,0
/raven/ptmp/iclight/snakemake/pestis_production_run_minoraf_update_30_04_2024/mapping,1.IN2q_D1964001,Ypestis_ASM906v1,0
/raven/ptmp/iclight/snakemake/pestis_production_run_minoraf_update_30_04_2024/mapping,1.IN3a_F1954001,Ypestis_ASM906v1,0
/raven/ptmp/iclight/snakemake/pestis_production_run_minoraf_update_30_04_2024/mapping,1.IN3b_E1979001,Ypestis_ASM906v1,0
/raven/ptmp/iclight/snakemake/pestis_production_run_minoraf_update_30_04_2024/mapping,1.IN3c_CMCC84038b,Ypestis_ASM906v1,0
/raven/ptmp/iclight/snakemake/pestis_production_run_minoraf_update_30_04_2024/mapping,1.IN3d_YN1683,Ypestis_ASM906v1,0
/raven/ptmp/iclight/snakemake/pestis_production_run_minoraf_update_30_04_2024/mapping,1.IN3e_YN472,Ypestis_ASM906v1,0
/raven/ptmp/iclight/snakemake/pestis_production_run_minoraf_update_30_04_2024/mapping,1.IN3f_YN1065,Ypestis_ASM906v1,0
/raven/ptmp/iclight/snakemake/pestis_production_run_minoraf_update_30_04_2024/mapping,1.IN3g_E1977001,Ypestis_ASM906v1,0
/raven/ptmp/iclight/snakemake/pestis_production_run_minoraf_update_30_04_2024/mapping,1.IN3h_CMCC84033,Ypestis_ASM906v1,0
/raven/ptmp/iclight/snakemake/pestis_production_run_minoraf_update_30_04_2024/mapping,1.IN3i_CMCC84046,Ypestis_ASM906v1,0
/raven/ptmp/iclight/snakemake/pestis_production_run_minoraf_update_30_04_2024/mapping,1.ORI1a_CMCC114001,Ypestis_ASM906v1,0
/raven/ptmp/iclight/snakemake/pestis_production_run_minoraf_update_30_04_2024/mapping,1.ORI1c_F1946001,Ypestis_ASM906v1,0
/raven/ptmp/iclight/snakemake/pestis_production_run_minoraf_update_30_04_2024/mapping,1.ORI2a_YN2179,Ypestis_ASM906v1,0
/raven/ptmp/iclight/snakemake/pestis_production_run_minoraf_update_30_04_2024/mapping,1.ORI2c_YN2551b,Ypestis_ASM906v1,0
/raven/ptmp/iclight/snakemake/pestis_production_run_minoraf_update_30_04_2024/mapping,1.ORI2d_YN2588,Ypestis_ASM906v1,0
/raven/ptmp/iclight/snakemake/pestis_production_run_minoraf_update_30_04_2024/mapping,1.ORI2f_CMCC87001,Ypestis_ASM906v1,0
/raven/ptmp/iclight/snakemake/pestis_production_run_minoraf_update_30_04_2024/mapping,1.ORI2g_F1984001,Ypestis_ASM906v1,0
/raven/ptmp/iclight/snakemake/pestis_production_run_minoraf_update_30_04_2024/mapping,1.ORI2h_YN663,Ypestis_ASM906v1,0
/raven/ptmp/iclight/snakemake/pestis_production_run_minoraf_update_30_04_2024/mapping,1.ORI2i_CMCCK100001a,Ypestis_ASM906v1,0
/raven/ptmp/iclight/snakemake/pestis_production_run_minoraf_update_30_04_2024/mapping,1.ORI2i_CMCCK110001b,Ypestis_ASM906v1,0
/raven/ptmp/iclight/snakemake/pestis_production_run_minoraf_update_30_04_2024/mapping,1.ORI3a_EV76,Ypestis_ASM906v1,0
/raven/ptmp/iclight/snakemake/pestis_production_run_minoraf_update_30_04_2024/mapping,2.ANT1a_34008,Ypestis_ASM906v1,0
/raven/ptmp/iclight/snakemake/pestis_production_run_minoraf_update_30_04_2024/mapping,2.ANT1b_34202,Ypestis_ASM906v1,0
/raven/ptmp/iclight/snakemake/pestis_production_run_minoraf_update_30_04_2024/mapping,2.ANT2a_2,Ypestis_ASM906v1,0
/raven/ptmp/iclight/snakemake/pestis_production_run_minoraf_update_30_04_2024/mapping,2.ANT2b_351001,Ypestis_ASM906v1,0
/raven/ptmp/iclight/snakemake/pestis_production_run_minoraf_update_30_04_2024/mapping,2.ANT2c_CMCC347001,Ypestis_ASM906v1,0
/raven/ptmp/iclight/snakemake/pestis_production_run_minoraf_update_30_04_2024/mapping,2.ANT2d_G1996006,Ypestis_ASM906v1,0
/raven/ptmp/iclight/snakemake/pestis_production_run_minoraf_update_30_04_2024/mapping,2.ANT2e_G1996010,Ypestis_ASM906v1,0
/raven/ptmp/iclight/snakemake/pestis_production_run_minoraf_update_30_04_2024/mapping,2.ANT2f_CMCC348002,Ypestis_ASM906v1,0
/raven/ptmp/iclight/snakemake/pestis_production_run_minoraf_update_30_04_2024/mapping,2.ANT3a_CMCC92010,Ypestis_ASM906v1,0
/raven/ptmp/iclight/snakemake/pestis_production_run_minoraf_update_30_04_2024/mapping,2.ANT3b_CMCC95001,Ypestis_ASM906v1,0
/raven/ptmp/iclight/snakemake/pestis_production_run_minoraf_update_30_04_2024/mapping,2.ANT3c_CMCC96001,Ypestis_ASM906v1,0
/raven/ptmp/iclight/snakemake/pestis_production_run_minoraf_update_30_04_2024/mapping,2.ANT3d_CMCC96007,Ypestis_ASM906v1,0
/raven/ptmp/iclight/snakemake/pestis_production_run_minoraf_update_30_04_2024/mapping,2.ANT3e_CMCC67001,Ypestis_ASM906v1,0
/raven/ptmp/iclight/snakemake/pestis_production_run_minoraf_update_30_04_2024/mapping,2.ANT3f_CMCC104003,Ypestis_ASM906v1,0
/raven/ptmp/iclight/snakemake/pestis_production_run_minoraf_update_30_04_2024/mapping,2.ANT3g_CMCC51020,Ypestis_ASM906v1,0
/raven/ptmp/iclight/snakemake/pestis_production_run_minoraf_update_30_04_2024/mapping,2.ANT3h_CMCC106002,Ypestis_ASM906v1,0
/raven/ptmp/iclight/snakemake/pestis_production_run_minoraf_update_30_04_2024/mapping,2.ANT3i_CMCC64001,Ypestis_ASM906v1,0
/raven/ptmp/iclight/snakemake/pestis_production_run_minoraf_update_30_04_2024/mapping,2.ANT3j_H1959004,Ypestis_ASM906v1,0
/raven/ptmp/iclight/snakemake/pestis_production_run_minoraf_update_30_04_2024/mapping,2.ANT3k_5761,Ypestis_ASM906v1,0
/raven/ptmp/iclight/snakemake/pestis_production_run_minoraf_update_30_04_2024/mapping,2.ANT3l_735,Ypestis_ASM906v1,0
/raven/ptmp/iclight/snakemake/pestis_production_run_minoraf_update_30_04_2024/mapping,2.MED1b_2506,Ypestis_ASM906v1,0
/raven/ptmp/iclight/snakemake/pestis_production_run_minoraf_update_30_04_2024/mapping,2.MED1c_2654,Ypestis_ASM906v1,0
/raven/ptmp/iclight/snakemake/pestis_production_run_minoraf_update_30_04_2024/mapping,2.MED1d_2504,Ypestis_ASM906v1,0
/raven/ptmp/iclight/snakemake/pestis_production_run_minoraf_update_30_04_2024/mapping,2.MED2b_91,Ypestis_ASM906v1,0
/raven/ptmp/iclight/snakemake/pestis_production_run_minoraf_update_30_04_2024/mapping,2.MED2c_K11973002,Ypestis_ASM906v1,0
/raven/ptmp/iclight/snakemake/pestis_production_run_minoraf_update_30_04_2024/mapping,2.MED2d_A1973001,Ypestis_ASM906v1,0
/raven/ptmp/iclight/snakemake/pestis_production_run_minoraf_update_30_04_2024/mapping,2.MED2e_7338,Ypestis_ASM906v1,0
/raven/ptmp/iclight/snakemake/pestis_production_run_minoraf_update_30_04_2024/mapping,2.MED3a_J1963002,Ypestis_ASM906v1,0
/raven/ptmp/iclight/snakemake/pestis_production_run_minoraf_update_30_04_2024/mapping,2.MED3b_CMCC125002b,Ypestis_ASM906v1,0
/raven/ptmp/iclight/snakemake/pestis_production_run_minoraf_update_30_04_2024/mapping,2.MED3c_I1969003,Ypestis_ASM906v1,0
/raven/ptmp/iclight/snakemake/pestis_production_run_minoraf_update_30_04_2024/mapping,2.MED3d_J1978002,Ypestis_ASM906v1,0
/raven/ptmp/iclight/snakemake/pestis_production_run_minoraf_update_30_04_2024/mapping,2.MED3f_I1970005,Ypestis_ASM906v1,0
/raven/ptmp/iclight/snakemake/pestis_production_run_minoraf_update_30_04_2024/mapping,2.MED3g_CMCC99103,Ypestis_ASM906v1,0
/raven/ptmp/iclight/snakemake/pestis_production_run_minoraf_update_30_04_2024/mapping,2.MED3h_CMCC90027,Ypestis_ASM906v1,0
/raven/ptmp/iclight/snakemake/pestis_production_run_minoraf_update_30_04_2024/mapping,2.MED3i_CMCC92004,Ypestis_ASM906v1,0
/raven/ptmp/iclight/snakemake/pestis_production_run_minoraf_update_30_04_2024/mapping,2.MED3j_I2001001,Ypestis_ASM906v1,0
/raven/ptmp/iclight/snakemake/pestis_production_run_minoraf_update_30_04_2024/mapping,2.MED3k_CMCC12003,Ypestis_ASM906v1,0
/raven/ptmp/iclight/snakemake/pestis_production_run_minoraf_update_30_04_2024/mapping,2.MED3l_I1994006,Ypestis_ASM906v1,0
/raven/ptmp/iclight/snakemake/pestis_production_run_minoraf_update_30_04_2024/mapping,2.MED3m_SHAN11,Ypestis_ASM906v1,0
/raven/ptmp/iclight/snakemake/pestis_production_run_minoraf_update_30_04_2024/mapping,2.MED3n_SHAN12,Ypestis_ASM906v1,0
/raven/ptmp/iclight/snakemake/pestis_production_run_minoraf_update_30_04_2024/mapping,2.MED3o_I1991001,Ypestis_ASM906v1,0
/raven/ptmp/iclight/snakemake/pestis_production_run_minoraf_update_30_04_2024/mapping,2.MED3p_CMCC107004,Ypestis_ASM906v1,0
/raven/ptmp/iclight/snakemake/pestis_production_run_minoraf_update_30_04_2024/mapping,3.ANT1a_7b,Ypestis_ASM906v1,0
/raven/ptmp/iclight/snakemake/pestis_production_run_minoraf_update_30_04_2024/mapping,3.ANT1b_CMCC71001,Ypestis_ASM906v1,0
/raven/ptmp/iclight/snakemake/pestis_production_run_minoraf_update_30_04_2024/mapping,3.ANT1c_C1976001,Ypestis_ASM906v1,0
/raven/ptmp/iclight/snakemake/pestis_production_run_minoraf_update_30_04_2024/mapping,3.ANT1d_71021,Ypestis_ASM906v1,0
/raven/ptmp/iclight/snakemake/pestis_production_run_minoraf_update_30_04_2024/mapping,3.ANT2a_MGJZ6,Ypestis_ASM906v1,0
/raven/ptmp/iclight/snakemake/pestis_production_run_minoraf_update_30_04_2024/mapping,3.ANT2b_MGJZ7,Ypestis_ASM906v1,0
/raven/ptmp/iclight/snakemake/pestis_production_run_minoraf_update_30_04_2024/mapping,3.ANT2c_MGJZ9,Ypestis_ASM906v1,0
/raven/ptmp/iclight/snakemake/pestis_production_run_minoraf_update_30_04_2024/mapping,3.ANT2d_MGJZ11,Ypestis_ASM906v1,0
/raven/ptmp/iclight/snakemake/pestis_production_run_minoraf_update_30_04_2024/mapping,3.ANT2e_MGJZ3,Ypestis_ASM906v1,0
/raven/ptmp/iclight/snakemake/pestis_production_run_minoraf_update_30_04_2024/mapping,4.ANT1a_MGJZ12,Ypestis_ASM906v1,0
/raven/ptmp/iclight/snakemake/pestis_production_run_minoraf_update_30_04_2024/mapping,6Post,Ypestis_ASM906v1,0
/raven/ptmp/iclight/snakemake/pestis_production_run_minoraf_update_30_04_2024/mapping,AE1175,Ypestis_ASM906v1,0
/raven/ptmp/iclight/snakemake/pestis_production_run_minoraf_update_30_04_2024/mapping,ARS007,Ypestis_ASM906v1,0
/raven/ptmp/iclight/snakemake/pestis_production_run_minoraf_update_30_04_2024/mapping,Barcelona_3031,Ypestis_ASM906v1,0
/raven/ptmp/iclight/snakemake/pestis_production_run_minoraf_update_30_04_2024/mapping,BED024.A0102,Ypestis_ASM906v1,0
/raven/ptmp/iclight/snakemake/pestis_production_run_minoraf_update_30_04_2024/mapping,BED028.A0102,Ypestis_ASM906v1,0
/raven/ptmp/iclight/snakemake/pestis_production_run_minoraf_update_30_04_2024/mapping,BED030.A0102,Ypestis_ASM906v1,0
/raven/ptmp/iclight/snakemake/pestis_production_run_minoraf_update_30_04_2024/mapping,BED034.A0102,Ypestis_ASM906v1,0
/raven/ptmp/iclight/snakemake/pestis_production_run_minoraf_update_30_04_2024/mapping,Bolgar_2370,Ypestis_ASM906v1,0
/raven/ptmp/iclight/snakemake/pestis_production_run_minoraf_update_30_04_2024/mapping,BRA001.A0101,Ypestis_ASM906v1,0
/raven/ptmp/iclight/snakemake/pestis_production_run_minoraf_update_30_04_2024/mapping,C10091,Ypestis_ASM906v1,0
/raven/ptmp/iclight/snakemake/pestis_production_run_minoraf_update_30_04_2024/mapping,C10098,Ypestis_ASM906v1,0
/raven/ptmp/iclight/snakemake/pestis_production_run_minoraf_update_30_04_2024/mapping,C10928,Ypestis_ASM906v1,0
/raven/ptmp/iclight/snakemake/pestis_production_run_minoraf_update_30_04_2024/mapping,CHC004,Ypestis_ASM906v1,0
/raven/ptmp/iclight/snakemake/pestis_production_run_minoraf_update_30_04_2024/mapping,DSH008,Ypestis_ASM906v1,0
/raven/ptmp/iclight/snakemake/pestis_production_run_minoraf_update_30_04_2024/mapping,DSH025,Ypestis_ASM906v1,0
/raven/ptmp/iclight/snakemake/pestis_production_run_minoraf_update_30_04_2024/mapping,EDI001.A,Ypestis_ASM906v1,0
/raven/ptmp/iclight/snakemake/pestis_production_run_minoraf_update_30_04_2024/mapping,Ellwangen_549_O,Ypestis_ASM906v1,0
/raven/ptmp/iclight/snakemake/pestis_production_run_minoraf_update_30_04_2024/mapping,ES_11972,Ypestis_ASM906v1,0
/raven/ptmp/iclight/snakemake/pestis_production_run_minoraf_update_30_04_2024/mapping,ES_8291,Ypestis_ASM906v1,0
/raven/ptmp/iclight/snakemake/pestis_production_run_minoraf_update_30_04_2024/mapping,GEN72,Ypestis_ASM906v1,0
/raven/ptmp/iclight/snakemake/pestis_production_run_minoraf_update_30_04_2024/mapping,GLZ001,Ypestis_ASM906v1,0
/raven/ptmp/iclight/snakemake/pestis_production_run_minoraf_update_30_04_2024/mapping,GLZ002,Ypestis_ASM906v1,0
/raven/ptmp/iclight/snakemake/pestis_production_run_minoraf_update_30_04_2024/mapping,Gok2,Ypestis_ASM906v1,0
/raven/ptmp/iclight/snakemake/pestis_production_run_minoraf_update_30_04_2024/mapping,GRH001,Ypestis_ASM906v1,0
/raven/ptmp/iclight/snakemake/pestis_production_run_minoraf_update_30_04_2024/mapping,GRS004,Ypestis_ASM906v1,0
/raven/ptmp/iclight/snakemake/pestis_production_run_minoraf_update_30_04_2024/mapping,Gyvakarai1,Ypestis_ASM906v1,0
/raven/ptmp/iclight/snakemake/pestis_production_run_minoraf_update_30_04_2024/mapping,HGC009,Ypestis_ASM906v1,0
/raven/ptmp/iclight/snakemake/pestis_production_run_minoraf_update_30_04_2024/mapping,HGC068,Ypestis_ASM906v1,0
/raven/ptmp/iclight/snakemake/pestis_production_run_minoraf_update_30_04_2024/mapping,HOP001,Ypestis_ASM906v1,0
/raven/ptmp/iclight/snakemake/pestis_production_run_minoraf_update_30_04_2024/mapping,HOP004,Ypestis_ASM906v1,0
/raven/ptmp/iclight/snakemake/pestis_production_run_minoraf_update_30_04_2024/mapping,I2470,Ypestis_ASM906v1,0
/raven/ptmp/iclight/snakemake/pestis_production_run_minoraf_update_30_04_2024/mapping,I5884,Ypestis_ASM906v1,0
/raven/ptmp/iclight/snakemake/pestis_production_run_minoraf_update_30_04_2024/mapping,KLE031,Ypestis_ASM906v1,0
/raven/ptmp/iclight/snakemake/pestis_production_run_minoraf_update_30_04_2024/mapping,KLE048,Ypestis_ASM906v1,0
/raven/ptmp/iclight/snakemake/pestis_production_run_minoraf_update_30_04_2024/mapping,KLZ001,Ypestis_ASM906v1,0
/raven/ptmp/iclight/snakemake/pestis_production_run_minoraf_update_30_04_2024/mapping,KNK001,Ypestis_ASM906v1,0
/raven/ptmp/iclight/snakemake/pestis_production_run_minoraf_update_30_04_2024/mapping,KunilaII,Ypestis_ASM906v1,0
/raven/ptmp/iclight/snakemake/pestis_production_run_minoraf_update_30_04_2024/mapping,KZL002,Ypestis_ASM906v1,0
/raven/ptmp/iclight/snakemake/pestis_production_run_minoraf_update_30_04_2024/mapping,LAI009.A0101,Ypestis_ASM906v1,0
/raven/ptmp/iclight/snakemake/pestis_production_run_minoraf_update_30_04_2024/mapping,MAN008.B0101,Ypestis_ASM906v1,0
/raven/ptmp/iclight/snakemake/pestis_production_run_minoraf_update_30_04_2024/mapping,MIB054,Ypestis_ASM906v1,0
/raven/ptmp/iclight/snakemake/pestis_production_run_minoraf_update_30_04_2024/mapping,NMS002.A0101,Ypestis_ASM906v1,0
/raven/ptmp/iclight/snakemake/pestis_production_run_minoraf_update_30_04_2024/mapping,OBS107,Ypestis_ASM906v1,0
/raven/ptmp/iclight/snakemake/pestis_production_run_minoraf_update_30_04_2024/mapping,OBS110,Ypestis_ASM906v1,0
/raven/ptmp/iclight/snakemake/pestis_production_run_minoraf_update_30_04_2024/mapping,OBS116,Ypestis_ASM906v1,0
/raven/ptmp/iclight/snakemake/pestis_production_run_minoraf_update_30_04_2024/mapping,OBS124,Ypestis_ASM906v1,0
/raven/ptmp/iclight/snakemake/pestis_production_run_minoraf_update_30_04_2024/mapping,OBS137,Ypestis_ASM906v1,0
/raven/ptmp/iclight/snakemake/pestis_production_run_minoraf_update_30_04_2024/mapping,OOH003,Ypestis_ASM906v1,0
/raven/ptmp/iclight/snakemake/pestis_production_run_minoraf_update_30_04_2024/mapping,RISE505,Ypestis_ASM906v1,0
/raven/ptmp/iclight/snakemake/pestis_production_run_minoraf_update_30_04_2024/mapping,RISE509,Ypestis_ASM906v1,0
/raven/ptmp/iclight/snakemake/pestis_production_run_minoraf_update_30_04_2024/mapping,RK1001,Ypestis_ASM906v1,0
/raven/ptmp/iclight/snakemake/pestis_production_run_minoraf_update_30_04_2024/mapping,RT5,Ypestis_ASM906v1,0
/raven/ptmp/iclight/snakemake/pestis_production_run_minoraf_update_30_04_2024/mapping,RT6,Ypestis_ASM906v1,0
/raven/ptmp/iclight/snakemake/pestis_production_run_minoraf_update_30_04_2024/mapping,RV2039,Ypestis_ASM906v1,0
/raven/ptmp/iclight/snakemake/pestis_production_run_minoraf_update_30_04_2024/mapping,STA001.A0101,Ypestis_ASM906v1,0
/raven/ptmp/iclight/snakemake/pestis_production_run_minoraf_update_30_04_2024/mapping,STN002.A0101,Ypestis_ASM906v1,0
/raven/ptmp/iclight/snakemake/pestis_production_run_minoraf_update_30_04_2024/mapping,STN007.A0101,Ypestis_ASM906v1,0
/raven/ptmp/iclight/snakemake/pestis_production_run_minoraf_update_30_04_2024/mapping,STN008.A0101,Ypestis_ASM906v1,0
/raven/ptmp/iclight/snakemake/pestis_production_run_minoraf_update_30_04_2024/mapping,STN014.A0101,Ypestis_ASM906v1,0
/raven/ptmp/iclight/snakemake/pestis_production_run_minoraf_update_30_04_2024/mapping,STN019.A0101,Ypestis_ASM906v1,0
/raven/ptmp/iclight/snakemake/pestis_production_run_minoraf_update_30_04_2024/mapping,STN020.A0101,Ypestis_ASM906v1,0
/raven/ptmp/iclight/snakemake/pestis_production_run_minoraf_update_30_04_2024/mapping,STN021.A0101,Ypestis_ASM906v1,0
/raven/ptmp/iclight/snakemake/pestis_production_run_minoraf_update_30_04_2024/mapping,VEL003,Ypestis_ASM906v1,0
/raven/ptmp/iclight/snakemake/pestis_production_run_minoraf_update_30_04_2024/mapping,VLI092,Ypestis_ASM906v1,0
/raven/ptmp/iclight/snakemake/pestis_production_run_minoraf_update_30_04_2024/mapping,YAC,Ypestis_ASM906v1,1
/raven/ptmp/iclight/snakemake/pestis_production_run_minoraf_update_30_04_2024/mapping,ARK017,Ypestis_ASM906v1,0
